INSERT INTO tblauthors (AuthorId, AuthorName) VALUES (1, 'Peterson, Larry L');
INSERT INTO tblauthors (AuthorId, AuthorName) VALUES (2, 'Mahajan, Sunita');
INSERT INTO tblauthors (AuthorId, AuthorName) VALUES (3, 'Virendra Kumar');
INSERT INTO tblauthors (AuthorId, AuthorName) VALUES (4, 'Bhurchandi, K M');
INSERT INTO tblauthors (AuthorId, AuthorName) VALUES (5, 'Gottfried, Byron S');
INSERT INTO tblauthors (AuthorId, AuthorName) VALUES (6, 'Mazidi, Muhammad Ali, et al.');
INSERT INTO tblauthors (AuthorId, AuthorName) VALUES (7, 'Pressman, Roger S');
INSERT INTO tblauthors (AuthorId, AuthorName) VALUES (8, 'Dr.Rajiv Chopra');
INSERT INTO tblauthors (AuthorId, AuthorName) VALUES (9, 'Ze-Nian Li,Mark S Drew');
INSERT INTO tblauthors (AuthorId, AuthorName) VALUES (10, 'Horowitz, Ellis');
INSERT INTO tblauthors (AuthorId, AuthorName) VALUES (11, 'Dr.S.Jose');
INSERT INTO tblauthors (AuthorId, AuthorName) VALUES (12, 'Carl Hamacher');
INSERT INTO tblauthors (AuthorId, AuthorName) VALUES (13, 'A. AnandKumar');
INSERT INTO tblauthors (AuthorId, AuthorName) VALUES (14, 'Bolton, William');
INSERT INTO tblauthors (AuthorId, AuthorName) VALUES (15, 'Kennedy, George; Davis, Bernard; Prasanna, S R M');
INSERT INTO tblauthors (AuthorId, AuthorName) VALUES (16, 'Anand Kumar, A');
INSERT INTO tblauthors (AuthorId, AuthorName) VALUES (17, 'Forouzan, Behrouz A');
INSERT INTO tblauthors (AuthorId, AuthorName) VALUES (18, 'Oppenheim, Alan V; Willsky, Alan S; Nawab, S Hamid');
INSERT INTO tblauthors (AuthorId, AuthorName) VALUES (19, 'Shadab Irfan');
INSERT INTO tblauthors (AuthorId, AuthorName) VALUES (20, 'Raymond M Smullyan');
INSERT INTO tblauthors (AuthorId, AuthorName) VALUES (21, 'Streetman, Ben G; Banerjee, Sanjay Kumar');
INSERT INTO tblauthors (AuthorId, AuthorName) VALUES (22, 'Pushpa Singh and Narendra Singh');
INSERT INTO tblauthors (AuthorId, AuthorName) VALUES (23, 'Ross, Timothy J');
INSERT INTO tblauthors (AuthorId, AuthorName) VALUES (24, 'Bhurchandi, K M; Ray, A K');
INSERT INTO tblauthors (AuthorId, AuthorName) VALUES (25, 'Balagurusamy, E');
INSERT INTO tblauthors (AuthorId, AuthorName) VALUES (26, 'Adesh Kumar Pandey');
INSERT INTO tblauthors (AuthorId, AuthorName) VALUES (27, 'R.Theagarajan ,S.Dhanasekaran & S.Dhanapal');
INSERT INTO tblauthors (AuthorId, AuthorName) VALUES (28, 'Lafore, Robert');
INSERT INTO tblauthors (AuthorId, AuthorName) VALUES (29, 'Sanjay K Bose');
INSERT INTO tblauthors (AuthorId, AuthorName) VALUES (30, 'Radhakrishnan Pillai');
INSERT INTO tblauthors (AuthorId, AuthorName) VALUES (31, 'John J Donovan');
INSERT INTO tblauthors (AuthorId, AuthorName) VALUES (32, 'Y Daniel Liang');
INSERT INTO tblauthors (AuthorId, AuthorName) VALUES (33, 'Authors');
INSERT INTO tblauthors (AuthorId, AuthorName) VALUES (34, 'S.K Jha');
INSERT INTO tblauthors (AuthorId, AuthorName) VALUES (35, 'Proakis, John G; Manolakis, Dimitris G');
INSERT INTO tblauthors (AuthorId, AuthorName) VALUES (36, 'R.Rubi Kouser');
INSERT INTO tblauthors (AuthorId, AuthorName) VALUES (37, 'Silberschatz, Abraham, et al.');
INSERT INTO tblauthors (AuthorId, AuthorName) VALUES (38, 'Veerarajan, T');
INSERT INTO tblauthors (AuthorId, AuthorName) VALUES (39, 'Forouzan, Behrouz A; Gilberg, RIchard F');
INSERT INTO tblauthors (AuthorId, AuthorName) VALUES (40, 'Dr.Sanjay Sharma');
INSERT INTO tblauthors (AuthorId, AuthorName) VALUES (41, 'Brown, Stephen');
INSERT INTO tblauthors (AuthorId, AuthorName) VALUES (42, 'Anilkumar, K N');
INSERT INTO tblauthors (AuthorId, AuthorName) VALUES (43, 'Jeeva Jose & P.Sojanhal');
INSERT INTO tblauthors (AuthorId, AuthorName) VALUES (44, 'V K Jain');
INSERT INTO tblauthors (AuthorId, AuthorName) VALUES (45, 'Proakis, John G');
INSERT INTO tblauthors (AuthorId, AuthorName) VALUES (46, 'Peterson, Larry L; Davie, Bruce S');
INSERT INTO tblauthors (AuthorId, AuthorName) VALUES (47, 'Datt, Gaurav; Mahajan, Ashwani');
INSERT INTO tblauthors (AuthorId, AuthorName) VALUES (48, 'Stanley B Lippman,Josee Lajoie');
INSERT INTO tblauthors (AuthorId, AuthorName) VALUES (49, 'Silberschatz, Abraham');
INSERT INTO tblauthors (AuthorId, AuthorName) VALUES (50, 'Brown, Stephen; Vranesic, Zvonko');
INSERT INTO tblauthors (AuthorId, AuthorName) VALUES (51, 'G.S. Baluja');
INSERT INTO tblauthors (AuthorId, AuthorName) VALUES (52, 'Santiram Kal');
INSERT INTO tblauthors (AuthorId, AuthorName) VALUES (53, 'Beck, Leland L; Dhanabalachadran Manula');
INSERT INTO tblauthors (AuthorId, AuthorName) VALUES (54, 'Hamacher, V Carl');
INSERT INTO tblauthors (AuthorId, AuthorName) VALUES (55, 'Peter Prinz and Tony Crawford');
INSERT INTO tblauthors (AuthorId, AuthorName) VALUES (56, 'Dr S .Anandamurugan');
INSERT INTO tblauthors (AuthorId, AuthorName) VALUES (57, 'Dan W.P');
INSERT INTO tblauthors (AuthorId, AuthorName) VALUES (58, 'R.S. Aggarwal');
INSERT INTO tblauthors (AuthorId, AuthorName) VALUES (59, 'Kennedy, George');
INSERT INTO tblauthors (AuthorId, AuthorName) VALUES (60, 'Beck, Leland L');
INSERT INTO tblauthors (AuthorId, AuthorName) VALUES (61, 'Dr.Lalit K Arora & Anjali Arora');
INSERT INTO tblauthors (AuthorId, AuthorName) VALUES (62, 'Subrata Saha,Subhodip Mukherjee');
INSERT INTO tblauthors (AuthorId, AuthorName) VALUES (63, 'Choudhury, Roy D; Jain, Shail B');
INSERT INTO tblauthors (AuthorId, AuthorName) VALUES (64, 'Mahajan, Sunita; Shah, Seema');
INSERT INTO tblauthors (AuthorId, AuthorName) VALUES (65, 'Robert W Sebesta');
INSERT INTO tblauthors (AuthorId, AuthorName) VALUES (66, 'Riktesh Srivastava,Rajita Srivastava');
INSERT INTO tblauthors (AuthorId, AuthorName) VALUES (67, 'Dr. R.B Patel,Prem Nath');
INSERT INTO tblauthors (AuthorId, AuthorName) VALUES (68, 'Mazidi, Muhammad Ali');
INSERT INTO tblauthors (AuthorId, AuthorName) VALUES (69, 'Horowitz, Ellis, Sahni, Sartaj; Anderson Freed, Susan');
INSERT INTO tblauthors (AuthorId, AuthorName) VALUES (70, 'Khanna, O P; Sarup, A');
INSERT INTO tblauthors (AuthorId, AuthorName) VALUES (71, 'Gaonkar, Ramesh S');
INSERT INTO tblauthors (AuthorId, AuthorName) VALUES (72, 'Khanna, O P');
INSERT INTO tblauthors (AuthorId, AuthorName) VALUES (73, 'R.S. Salaria');
INSERT INTO tblauthors (AuthorId, AuthorName) VALUES (74, 'Gottfried, Byron S; Chhabra, Jitender Kumar');
INSERT INTO tblauthors (AuthorId, AuthorName) VALUES (75, 'Gupta, J B');
INSERT INTO tblauthors (AuthorId, AuthorName) VALUES (76, 'Ciletti, Michael D');
INSERT INTO tblauthors (AuthorId, AuthorName) VALUES (77, 'Horowitz, Ellis, et al.');
INSERT INTO tblauthors (AuthorId, AuthorName) VALUES (78, 'Udit Agarwal');
INSERT INTO tblauthors (AuthorId, AuthorName) VALUES (79, 'Adesh K Pandey');
INSERT INTO tblauthors (AuthorId, AuthorName) VALUES (80, 'Er.Rajiv Chopra');
INSERT INTO tblauthors (AuthorId, AuthorName) VALUES (81, 'Zurada, Jacek M');
INSERT INTO tblauthors (AuthorId, AuthorName) VALUES (82, 'Proakis, John G; Salehi, Masoud');
INSERT INTO tblauthors (AuthorId, AuthorName) VALUES (83, 'Hamacher, V Carl, et al.');
INSERT INTO tblauthors (AuthorId, AuthorName) VALUES (84, 'Tomasi, Wayne');
INSERT INTO tblauthors (AuthorId, AuthorName) VALUES (85, 'S.Jose');
INSERT INTO tblauthors (AuthorId, AuthorName) VALUES (86, 'Hopcroft, John E; Motwani, Rajeev; Ullman, Jeffrey D');
INSERT INTO tblauthors (AuthorId, AuthorName) VALUES (87, 'Mark J Guzdial and Barbara Ericson');
INSERT INTO tblauthors (AuthorId, AuthorName) VALUES (88, 'Schildt, Herbert');
INSERT INTO tblauthors (AuthorId, AuthorName) VALUES (89, 'Kal, Santiram');
INSERT INTO tblauthors (AuthorId, AuthorName) VALUES (90, 'Hopcroft, John E');
INSERT INTO tblauthors (AuthorId, AuthorName) VALUES (91, 'H S Behera,Janmenjoy Nayak,Hadibandhu Pattnayak');

INSERT INTO tblcategory (CatId, CategoryName) VALUES (1, 'General');
INSERT INTO tblcategory (CatId, CategoryName) VALUES (2, 'Advanced microprocessors and peripherals');
INSERT INTO tblcategory (CatId, CategoryName) VALUES (3, 'Microprocessor architecture, programming and applications with the 8085');
INSERT INTO tblcategory (CatId, CategoryName) VALUES (4, '8051 Microcontroller and embedded systems using assembly and C');
INSERT INTO tblcategory (CatId, CategoryName) VALUES (5, 'Computer organization');
INSERT INTO tblcategory (CatId, CategoryName) VALUES (6, 'Distributed computing');
INSERT INTO tblcategory (CatId, CategoryName) VALUES (7, 'Computer networks: A systems approach');
INSERT INTO tblcategory (CatId, CategoryName) VALUES (8, 'Software engineering: A practitioners approach');
INSERT INTO tblcategory (CatId, CategoryName) VALUES (9, 'Fundamentals of computer algorithms');
INSERT INTO tblcategory (CatId, CategoryName) VALUES (10, 'Object oriented programming in C++');
INSERT INTO tblcategory (CatId, CategoryName) VALUES (11, 'Programming in ANSI C');
INSERT INTO tblcategory (CatId, CategoryName) VALUES (12, 'Programming with C');
INSERT INTO tblcategory (CatId, CategoryName) VALUES (13, 'Java: The complete reference');
INSERT INTO tblcategory (CatId, CategoryName) VALUES (14, 'System software: An introduction to systems programming');
INSERT INTO tblcategory (CatId, CategoryName) VALUES (15, 'Operating system concepts');
INSERT INTO tblcategory (CatId, CategoryName) VALUES (16, 'Unix and shell programming: A textbook');
INSERT INTO tblcategory (CatId, CategoryName) VALUES (17, 'Fundamentals of data structures in C');
INSERT INTO tblcategory (CatId, CategoryName) VALUES (18, 'Database system concepts');
INSERT INTO tblcategory (CatId, CategoryName) VALUES (19, 'Introduction to artificial neural systems');
INSERT INTO tblcategory (CatId, CategoryName) VALUES (20, 'Indian economy');
INSERT INTO tblcategory (CatId, CategoryName) VALUES (21, 'Discrete mathematics with graph theory and combinatorics');
INSERT INTO tblcategory (CatId, CategoryName) VALUES (22, 'Introduction to automata theory, languages and computation');
INSERT INTO tblcategory (CatId, CategoryName) VALUES (23, 'Fuzzy logic with engineering applications');
INSERT INTO tblcategory (CatId, CategoryName) VALUES (24, 'Engineering graphicsunique methods easy solutions');
INSERT INTO tblcategory (CatId, CategoryName) VALUES (25, 'Mechatronics: A multidisciplinary approach');
INSERT INTO tblcategory (CatId, CategoryName) VALUES (26, 'Basic electronics: Devices, circuits and IT fundamentals');
INSERT INTO tblcategory (CatId, CategoryName) VALUES (27, 'Electronics devices and circuits');
INSERT INTO tblcategory (CatId, CategoryName) VALUES (28, 'Solid state electronic devices');
INSERT INTO tblcategory (CatId, CategoryName) VALUES (29, 'Linear integrated circuits');
INSERT INTO tblcategory (CatId, CategoryName) VALUES (30, 'Fundamentals of digital circuits');
INSERT INTO tblcategory (CatId, CategoryName) VALUES (31, 'Electronic communication systems');
INSERT INTO tblcategory (CatId, CategoryName) VALUES (32, 'Digital communications');
INSERT INTO tblcategory (CatId, CategoryName) VALUES (33, 'Electronic communications systems: fundamentals through advanced');
INSERT INTO tblcategory (CatId, CategoryName) VALUES (34, 'Digital signal processing: Principles, algorithms, and applications');
INSERT INTO tblcategory (CatId, CategoryName) VALUES (35, 'Signals and systems');
INSERT INTO tblcategory (CatId, CategoryName) VALUES (36, 'Fundamentals of digital logic with verilog design');
INSERT INTO tblcategory (CatId, CategoryName) VALUES (37, 'Advanced digital design with the Verilog HDL');
INSERT INTO tblcategory (CatId, CategoryName) VALUES (38, 'Industrial engineering and management');

INSERT INTO tblbooks (BookName, CatId, AuthorId, ISBNNumber, BookCount) VALUES ('Title', 1, 33.0, '978-0-00-00001', 5);
INSERT INTO tblbooks (BookName, CatId, AuthorId, ISBNNumber, BookCount) VALUES ('Advanced Microprocessors and Peripherals', 2, 4.0, '978-0-00-00002', 5);
INSERT INTO tblbooks (BookName, CatId, AuthorId, ISBNNumber, BookCount) VALUES ('Advanced Microprocessors and Peripherals', 3, 4.0, '978-0-00-00003', 5);
INSERT INTO tblbooks (BookName, CatId, AuthorId, ISBNNumber, BookCount) VALUES ('Advanced Microprocessors and Peripherals', 4, 4.0, '978-0-00-00004', 5);
INSERT INTO tblbooks (BookName, CatId, AuthorId, ISBNNumber, BookCount) VALUES ('Advanced Microprocessors and Peripherals', 5, 4.0, '978-0-00-00005', 5);
INSERT INTO tblbooks (BookName, CatId, AuthorId, ISBNNumber, BookCount) VALUES ('Microprocessor Architecture, Programming and Applications with the 8085', 6, 71.0, '978-0-00-00006', 5);
INSERT INTO tblbooks (BookName, CatId, AuthorId, ISBNNumber, BookCount) VALUES ('Microprocessor Architecture, Programming and Applications with the 8085', 7, 71.0, '978-0-00-00007', 5);
INSERT INTO tblbooks (BookName, CatId, AuthorId, ISBNNumber, BookCount) VALUES ('Microprocessor Architecture, Programming and Applications with the 8085', 8, 71.0, '978-0-00-00008', 5);
INSERT INTO tblbooks (BookName, CatId, AuthorId, ISBNNumber, BookCount) VALUES ('Microprocessor Architecture, Programming and Applications with the 8085', 9, 71.0, '978-0-00-00009', 5);
INSERT INTO tblbooks (BookName, CatId, AuthorId, ISBNNumber, BookCount) VALUES ('8051 Microcontroller and Embedded Systems using Assembly and C', 10, 68.0, '978-0-00-00010', 5);
INSERT INTO tblbooks (BookName, CatId, AuthorId, ISBNNumber, BookCount) VALUES ('8051 Microcontroller and Embedded Systems using Assembly and C', 11, 68.0, '978-0-00-00011', 5);
INSERT INTO tblbooks (BookName, CatId, AuthorId, ISBNNumber, BookCount) VALUES ('8051 Microcontroller and Embedded Systems using Assembly and C', 12, 68.0, '978-0-00-00012', 5);
INSERT INTO tblbooks (BookName, CatId, AuthorId, ISBNNumber, BookCount) VALUES ('8051 Microcontroller and Embedded Systems using Assembly and C', 13, 68.0, '978-0-00-00013', 5);
INSERT INTO tblbooks (BookName, CatId, AuthorId, ISBNNumber, BookCount) VALUES ('Computer Organization', 14, 54.0, '978-0-00-00014', 5);
INSERT INTO tblbooks (BookName, CatId, AuthorId, ISBNNumber, BookCount) VALUES ('Computer Organization', 15, 54.0, '978-0-00-00015', 5);
INSERT INTO tblbooks (BookName, CatId, AuthorId, ISBNNumber, BookCount) VALUES ('Computer Organization', 16, 54.0, '978-0-00-00016', 5);
INSERT INTO tblbooks (BookName, CatId, AuthorId, ISBNNumber, BookCount) VALUES ('Computer Organization', 17, 54.0, '978-0-00-00017', 5);
INSERT INTO tblbooks (BookName, CatId, AuthorId, ISBNNumber, BookCount) VALUES ('Distributed Computing', 18, 2.0, '978-0-00-00018', 5);
INSERT INTO tblbooks (BookName, CatId, AuthorId, ISBNNumber, BookCount) VALUES ('Distributed Computing', 19, 2.0, '978-0-00-00019', 5);
INSERT INTO tblbooks (BookName, CatId, AuthorId, ISBNNumber, BookCount) VALUES ('Distributed Computing', 20, 2.0, '978-0-00-00020', 5);
INSERT INTO tblbooks (BookName, CatId, AuthorId, ISBNNumber, BookCount) VALUES ('Distributed Computing', 21, 2.0, '978-0-00-00021', 5);
INSERT INTO tblbooks (BookName, CatId, AuthorId, ISBNNumber, BookCount) VALUES ('Computer Networks: A Systems Approach', 22, 1.0, '978-0-00-00022', 5);
INSERT INTO tblbooks (BookName, CatId, AuthorId, ISBNNumber, BookCount) VALUES ('Computer Networks: A Systems Approach', 23, 1.0, '978-0-00-00023', 5);
INSERT INTO tblbooks (BookName, CatId, AuthorId, ISBNNumber, BookCount) VALUES ('Computer Networks: A Systems Approach', 24, 1.0, '978-0-00-00024', 5);
INSERT INTO tblbooks (BookName, CatId, AuthorId, ISBNNumber, BookCount) VALUES ('Computer Networks: A Systems Approach', 25, 1.0, '978-0-00-00025', 5);
INSERT INTO tblbooks (BookName, CatId, AuthorId, ISBNNumber, BookCount) VALUES ('Software Engineering: A Practitioners Approach', 26, 7.0, '978-0-00-00026', 5);
INSERT INTO tblbooks (BookName, CatId, AuthorId, ISBNNumber, BookCount) VALUES ('Software Engineering: A Practitioners Approach', 27, 7.0, '978-0-00-00027', 5);
INSERT INTO tblbooks (BookName, CatId, AuthorId, ISBNNumber, BookCount) VALUES ('Software Engineering: A Practitioners Approach', 28, 7.0, '978-0-00-00028', 5);
INSERT INTO tblbooks (BookName, CatId, AuthorId, ISBNNumber, BookCount) VALUES ('Software Engineering: A Practitioners Approach', 29, 7.0, '978-0-00-00029', 5);
INSERT INTO tblbooks (BookName, CatId, AuthorId, ISBNNumber, BookCount) VALUES ('Fundamentals of Computer Algorithms', 30, 10.0, '978-0-00-00030', 5);
INSERT INTO tblbooks (BookName, CatId, AuthorId, ISBNNumber, BookCount) VALUES ('Fundamentals of Computer Algorithms', 31, 10.0, '978-0-00-00031', 5);
INSERT INTO tblbooks (BookName, CatId, AuthorId, ISBNNumber, BookCount) VALUES ('Fundamentals of Computer Algorithms', 32, 10.0, '978-0-00-00032', 5);
INSERT INTO tblbooks (BookName, CatId, AuthorId, ISBNNumber, BookCount) VALUES ('Fundamentals of Computer Algorithms', 33, 10.0, '978-0-00-00033', 5);
INSERT INTO tblbooks (BookName, CatId, AuthorId, ISBNNumber, BookCount) VALUES ('Object Oriented Programming in C++', 34, 28.0, '978-0-00-00034', 5);
INSERT INTO tblbooks (BookName, CatId, AuthorId, ISBNNumber, BookCount) VALUES ('Object Oriented Programming in C++', 35, 28.0, '978-0-00-00035', 5);
INSERT INTO tblbooks (BookName, CatId, AuthorId, ISBNNumber, BookCount) VALUES ('Object Oriented Programming in C++', 36, 28.0, '978-0-00-00036', 5);
INSERT INTO tblbooks (BookName, CatId, AuthorId, ISBNNumber, BookCount) VALUES ('Object Oriented Programming in C++', 37, 28.0, '978-0-00-00037', 5);
INSERT INTO tblbooks (BookName, CatId, AuthorId, ISBNNumber, BookCount) VALUES ('Programming in ANSI C', 38, 25.0, '978-0-00-00038', 5);
INSERT INTO tblbooks (BookName, CatId, AuthorId, ISBNNumber, BookCount) VALUES ('Programming in ANSI C', 1, 25.0, '978-0-00-00039', 5);
INSERT INTO tblbooks (BookName, CatId, AuthorId, ISBNNumber, BookCount) VALUES ('Programming in ANSI C', 1, 25.0, '978-0-00-00040', 5);
INSERT INTO tblbooks (BookName, CatId, AuthorId, ISBNNumber, BookCount) VALUES ('Programming in ANSI C', 1, 25.0, '978-0-00-00041', 5);
INSERT INTO tblbooks (BookName, CatId, AuthorId, ISBNNumber, BookCount) VALUES ('Programming with C', 1, 5.0, '978-0-00-00042', 5);
INSERT INTO tblbooks (BookName, CatId, AuthorId, ISBNNumber, BookCount) VALUES ('Programming with C', 1, 5.0, '978-0-00-00043', 5);
INSERT INTO tblbooks (BookName, CatId, AuthorId, ISBNNumber, BookCount) VALUES ('Programming with C', 1, 5.0, '978-0-00-00044', 5);
INSERT INTO tblbooks (BookName, CatId, AuthorId, ISBNNumber, BookCount) VALUES ('Programming with C', 1, 5.0, '978-0-00-00045', 5);
INSERT INTO tblbooks (BookName, CatId, AuthorId, ISBNNumber, BookCount) VALUES ('Java: The Complete Reference', 1, 88.0, '978-0-00-00046', 5);
INSERT INTO tblbooks (BookName, CatId, AuthorId, ISBNNumber, BookCount) VALUES ('Java: The Complete Reference', 1, 88.0, '978-0-00-00047', 5);
INSERT INTO tblbooks (BookName, CatId, AuthorId, ISBNNumber, BookCount) VALUES ('Java: The Complete Reference', 1, 88.0, '978-0-00-00048', 5);
INSERT INTO tblbooks (BookName, CatId, AuthorId, ISBNNumber, BookCount) VALUES ('Java: The Complete Reference', 1, 88.0, '978-0-00-00049', 5);
INSERT INTO tblbooks (BookName, CatId, AuthorId, ISBNNumber, BookCount) VALUES ('System Software: An Introduction to Systems Programming', 1, 60.0, '978-0-00-00050', 5);
INSERT INTO tblbooks (BookName, CatId, AuthorId, ISBNNumber, BookCount) VALUES ('System Software: An Introduction to Systems Programming', 1, 60.0, '978-0-00-00051', 5);
INSERT INTO tblbooks (BookName, CatId, AuthorId, ISBNNumber, BookCount) VALUES ('System Software: An Introduction to Systems Programming', 1, 60.0, '978-0-00-00052', 5);
INSERT INTO tblbooks (BookName, CatId, AuthorId, ISBNNumber, BookCount) VALUES ('System Software: An Introduction to Systems Programming', 1, 60.0, '978-0-00-00053', 5);
INSERT INTO tblbooks (BookName, CatId, AuthorId, ISBNNumber, BookCount) VALUES ('Operating System Concepts', 1, 49.0, '978-0-00-00054', 5);
INSERT INTO tblbooks (BookName, CatId, AuthorId, ISBNNumber, BookCount) VALUES ('Operating System Concepts', 1, 49.0, '978-0-00-00055', 5);
INSERT INTO tblbooks (BookName, CatId, AuthorId, ISBNNumber, BookCount) VALUES ('Operating System Concepts', 1, 49.0, '978-0-00-00056', 5);
INSERT INTO tblbooks (BookName, CatId, AuthorId, ISBNNumber, BookCount) VALUES ('Operating System Concepts', 1, 49.0, '978-0-00-00057', 5);
INSERT INTO tblbooks (BookName, CatId, AuthorId, ISBNNumber, BookCount) VALUES ('Unix and Shell Programming: A Textbook', 1, 17.0, '978-0-00-00058', 5);
INSERT INTO tblbooks (BookName, CatId, AuthorId, ISBNNumber, BookCount) VALUES ('Unix and Shell Programming: A Textbook', 1, 17.0, '978-0-00-00059', 5);
INSERT INTO tblbooks (BookName, CatId, AuthorId, ISBNNumber, BookCount) VALUES ('Unix and Shell Programming: A Textbook', 1, 17.0, '978-0-00-00060', 5);
INSERT INTO tblbooks (BookName, CatId, AuthorId, ISBNNumber, BookCount) VALUES ('Unix and Shell Programming: A Textbook', 1, 17.0, '978-0-00-00061', 5);
INSERT INTO tblbooks (BookName, CatId, AuthorId, ISBNNumber, BookCount) VALUES ('Fundamentals of Data Structures in C', 1, 10.0, '978-0-00-00062', 5);
INSERT INTO tblbooks (BookName, CatId, AuthorId, ISBNNumber, BookCount) VALUES ('Fundamentals of Data Structures in C', 1, 10.0, '978-0-00-00063', 5);
INSERT INTO tblbooks (BookName, CatId, AuthorId, ISBNNumber, BookCount) VALUES ('Fundamentals of Data Structures in C', 1, 10.0, '978-0-00-00064', 5);
INSERT INTO tblbooks (BookName, CatId, AuthorId, ISBNNumber, BookCount) VALUES ('Fundamentals of Data Structures in C', 1, 10.0, '978-0-00-00065', 5);
INSERT INTO tblbooks (BookName, CatId, AuthorId, ISBNNumber, BookCount) VALUES ('Database System Concepts', 1, 49.0, '978-0-00-00066', 5);
INSERT INTO tblbooks (BookName, CatId, AuthorId, ISBNNumber, BookCount) VALUES ('Database System Concepts', 1, 49.0, '978-0-00-00067', 5);
INSERT INTO tblbooks (BookName, CatId, AuthorId, ISBNNumber, BookCount) VALUES ('Database System Concepts', 1, 49.0, '978-0-00-00068', 5);
INSERT INTO tblbooks (BookName, CatId, AuthorId, ISBNNumber, BookCount) VALUES ('Database System Concepts', 1, 49.0, '978-0-00-00069', 5);
INSERT INTO tblbooks (BookName, CatId, AuthorId, ISBNNumber, BookCount) VALUES ('Introduction to Artificial Neural Systems', 1, 81.0, '978-0-00-00070', 5);
INSERT INTO tblbooks (BookName, CatId, AuthorId, ISBNNumber, BookCount) VALUES ('Introduction to Artificial Neural Systems', 1, 81.0, '978-0-00-00071', 5);
INSERT INTO tblbooks (BookName, CatId, AuthorId, ISBNNumber, BookCount) VALUES ('Introduction to Artificial Neural Systems', 1, 81.0, '978-0-00-00072', 5);
INSERT INTO tblbooks (BookName, CatId, AuthorId, ISBNNumber, BookCount) VALUES ('Introduction to Artificial Neural Systems', 1, 81.0, '978-0-00-00073', 5);
INSERT INTO tblbooks (BookName, CatId, AuthorId, ISBNNumber, BookCount) VALUES ('Introduction to Automata Theory, Languages and Computation', 1, 90.0, '978-0-00-00074', 5);
INSERT INTO tblbooks (BookName, CatId, AuthorId, ISBNNumber, BookCount) VALUES ('Introduction to Automata Theory, Languages and Computation', 1, 90.0, '978-0-00-00075', 5);
INSERT INTO tblbooks (BookName, CatId, AuthorId, ISBNNumber, BookCount) VALUES ('Introduction to Automata Theory, Languages and Computation', 1, 90.0, '978-0-00-00076', 5);
INSERT INTO tblbooks (BookName, CatId, AuthorId, ISBNNumber, BookCount) VALUES ('Introduction to Automata Theory, Languages and Computation', 1, 90.0, '978-0-00-00077', 5);
INSERT INTO tblbooks (BookName, CatId, AuthorId, ISBNNumber, BookCount) VALUES ('Fuzzy Logic with Engineering Applications', 1, 23.0, '978-0-00-00078', 5);
INSERT INTO tblbooks (BookName, CatId, AuthorId, ISBNNumber, BookCount) VALUES ('Fuzzy Logic with Engineering Applications', 1, 23.0, '978-0-00-00079', 5);
INSERT INTO tblbooks (BookName, CatId, AuthorId, ISBNNumber, BookCount) VALUES ('Fuzzy Logic with Engineering Applications', 1, 23.0, '978-0-00-00080', 5);
INSERT INTO tblbooks (BookName, CatId, AuthorId, ISBNNumber, BookCount) VALUES ('Fuzzy Logic with Engineering Applications', 1, 23.0, '978-0-00-00081', 5);
INSERT INTO tblbooks (BookName, CatId, AuthorId, ISBNNumber, BookCount) VALUES ('Engineering Graphics Unique Methods Easy Solutions', 1, 42.0, '978-0-00-00082', 5);
INSERT INTO tblbooks (BookName, CatId, AuthorId, ISBNNumber, BookCount) VALUES ('Engineering Graphics Unique Methods Easy Solutions', 1, 42.0, '978-0-00-00083', 5);
INSERT INTO tblbooks (BookName, CatId, AuthorId, ISBNNumber, BookCount) VALUES ('Basic Electronics: Devices, Circuits and IT Fundamentals', 1, 89.0, '978-0-00-00084', 5);
INSERT INTO tblbooks (BookName, CatId, AuthorId, ISBNNumber, BookCount) VALUES ('Basic Electronics: Devices, Circuits and IT Fundamentals', 1, 89.0, '978-0-00-00085', 5);
INSERT INTO tblbooks (BookName, CatId, AuthorId, ISBNNumber, BookCount) VALUES ('Fundamentals of Digital Circuits', 1, 16.0, '978-0-00-00086', 5);
INSERT INTO tblbooks (BookName, CatId, AuthorId, ISBNNumber, BookCount) VALUES ('Fundamentals of Digital Circuits', 1, 16.0, '978-0-00-00087', 5);
INSERT INTO tblbooks (BookName, CatId, AuthorId, ISBNNumber, BookCount) VALUES ('Fundamentals of Digital Circuits', 1, 16.0, '978-0-00-00088', 5);
INSERT INTO tblbooks (BookName, CatId, AuthorId, ISBNNumber, BookCount) VALUES ('Fundamentals of Digital Circuits', 1, 16.0, '978-0-00-00089', 5);
INSERT INTO tblbooks (BookName, CatId, AuthorId, ISBNNumber, BookCount) VALUES ('Electronic Communication Systems', 1, 59.0, '978-0-00-00090', 5);
INSERT INTO tblbooks (BookName, CatId, AuthorId, ISBNNumber, BookCount) VALUES ('Electronic Communication Systems', 1, 59.0, '978-0-00-00091', 5);
INSERT INTO tblbooks (BookName, CatId, AuthorId, ISBNNumber, BookCount) VALUES ('Digital Communications', 1, 45.0, '978-0-00-00092', 5);
INSERT INTO tblbooks (BookName, CatId, AuthorId, ISBNNumber, BookCount) VALUES ('Digital Communications', 1, 45.0, '978-0-00-00093', 5);
INSERT INTO tblbooks (BookName, CatId, AuthorId, ISBNNumber, BookCount) VALUES ('Electronic Communications Systems: Fundamentals through Advanced', 1, 84.0, '978-0-00-00094', 5);
INSERT INTO tblbooks (BookName, CatId, AuthorId, ISBNNumber, BookCount) VALUES ('Electronic Communications Systems: Fundamentals through Advanced', 1, 84.0, '978-0-00-00095', 5);
INSERT INTO tblbooks (BookName, CatId, AuthorId, ISBNNumber, BookCount) VALUES ('Fundamentals of Digital Logic with Verilog Design', 1, 41.0, '978-0-00-00096', 5);
INSERT INTO tblbooks (BookName, CatId, AuthorId, ISBNNumber, BookCount) VALUES ('Fundamentals of Digital Logic with Verilog Design', 1, 41.0, '978-0-00-00097', 5);
INSERT INTO tblbooks (BookName, CatId, AuthorId, ISBNNumber, BookCount) VALUES ('Advanced Digital Design with the Verilog HDL', 1, 76.0, '978-0-00-00098', 5);
INSERT INTO tblbooks (BookName, CatId, AuthorId, ISBNNumber, BookCount) VALUES ('Advanced Digital Design with the Verilog HDL', 1, 76.0, '978-0-00-00099', 5);
INSERT INTO tblbooks (BookName, CatId, AuthorId, ISBNNumber, BookCount) VALUES ('Industrial Engineering and Management', 1, 72.0, '978-0-00-00100', 5);
INSERT INTO tblbooks (BookName, CatId, AuthorId, ISBNNumber, BookCount) VALUES ('Electronics Devices and Circuits', 1, 75.0, '978-0-00-00101', 5);
INSERT INTO tblbooks (BookName, CatId, AuthorId, ISBNNumber, BookCount) VALUES ('Computer Organisation', 1, 12.0, '978-0-00-00102', 5);
INSERT INTO tblbooks (BookName, CatId, AuthorId, ISBNNumber, BookCount) VALUES ('Data Communication', 1, 40.0, '978-0-00-00103', 5);
INSERT INTO tblbooks (BookName, CatId, AuthorId, ISBNNumber, BookCount) VALUES ('Computer Networks', 1, 78.0, '978-0-00-00104', 5);
INSERT INTO tblbooks (BookName, CatId, AuthorId, ISBNNumber, BookCount) VALUES ('Computer Graphics', 1, 78.0, '978-0-00-00105', 5);
INSERT INTO tblbooks (BookName, CatId, AuthorId, ISBNNumber, BookCount) VALUES ('Computer Graphics', 1, 78.0, '978-0-00-00106', 5);
INSERT INTO tblbooks (BookName, CatId, AuthorId, ISBNNumber, BookCount) VALUES ('Computer Graphics', 1, 78.0, '978-0-00-00107', 5);
INSERT INTO tblbooks (BookName, CatId, AuthorId, ISBNNumber, BookCount) VALUES ('Fundamentals of Multimedia', 1, 9.0, '978-0-00-00108', 5);
INSERT INTO tblbooks (BookName, CatId, AuthorId, ISBNNumber, BookCount) VALUES ('Systems Programming', 1, 31.0, '978-0-00-00109', 5);
INSERT INTO tblbooks (BookName, CatId, AuthorId, ISBNNumber, BookCount) VALUES ('Introduction to Artificial Intelligence and Expert Systems', 1, 57.0, '978-0-00-00110', 5);
INSERT INTO tblbooks (BookName, CatId, AuthorId, ISBNNumber, BookCount) VALUES ('C in a Nutshell', 1, 55.0, '978-0-00-00111', 5);
INSERT INTO tblbooks (BookName, CatId, AuthorId, ISBNNumber, BookCount) VALUES ('Problem Solving & Programming in C', 1, 73.0, '978-0-00-00112', 5);
INSERT INTO tblbooks (BookName, CatId, AuthorId, ISBNNumber, BookCount) VALUES ('C++ Primer', 1, 48.0, '978-0-00-00113', 5);
INSERT INTO tblbooks (BookName, CatId, AuthorId, ISBNNumber, BookCount) VALUES ('Data Structure through C', 1, 51.0, '978-0-00-00114', 5);
INSERT INTO tblbooks (BookName, CatId, AuthorId, ISBNNumber, BookCount) VALUES ('Switching Theory and Logic Design', 1, 13.0, '978-0-00-00115', 5);
INSERT INTO tblbooks (BookName, CatId, AuthorId, ISBNNumber, BookCount) VALUES ('Basic Electronics', 1, 52.0, '978-0-00-00116', 5);
INSERT INTO tblbooks (BookName, CatId, AuthorId, ISBNNumber, BookCount) VALUES ('Introduction to Java(Xerox)', 1, 32.0, '978-0-00-00117', 5);
INSERT INTO tblbooks (BookName, CatId, AuthorId, ISBNNumber, BookCount) VALUES ('First Order Logic', 1, 20.0, '978-0-00-00118', 5);
INSERT INTO tblbooks (BookName, CatId, AuthorId, ISBNNumber, BookCount) VALUES ('Data and Computer Communications', 1, 40.0, '978-0-00-00119', 5);
INSERT INTO tblbooks (BookName, CatId, AuthorId, ISBNNumber, BookCount) VALUES ('Basic Computation and Programming with C', 1, 62.0, '978-0-00-00120', 5);
INSERT INTO tblbooks (BookName, CatId, AuthorId, ISBNNumber, BookCount) VALUES ('Algorithms Design and Analysis', 1, 78.0, '978-0-00-00121', 5);
INSERT INTO tblbooks (BookName, CatId, AuthorId, ISBNNumber, BookCount) VALUES ('Real Time System', 1, 19.0, '978-0-00-00122', 5);
INSERT INTO tblbooks (BookName, CatId, AuthorId, ISBNNumber, BookCount) VALUES ('Parallel Algorithm and Computation', 1, 3.0, '978-0-00-00123', 5);
INSERT INTO tblbooks (BookName, CatId, AuthorId, ISBNNumber, BookCount) VALUES ('Hardware and Software of Personal Computers', 1, 29.0, '978-0-00-00124', 5);
INSERT INTO tblbooks (BookName, CatId, AuthorId, ISBNNumber, BookCount) VALUES ('Deep Learning :A Practical Approach', 1, 8.0, '978-0-00-00125', 5);
INSERT INTO tblbooks (BookName, CatId, AuthorId, ISBNNumber, BookCount) VALUES ('Modelling and Simulation', 1, 22.0, '978-0-00-00126', 5);
INSERT INTO tblbooks (BookName, CatId, AuthorId, ISBNNumber, BookCount) VALUES ('Big Data & Hadoop', 1, 44.0, '978-0-00-00127', 5);
INSERT INTO tblbooks (BookName, CatId, AuthorId, ISBNNumber, BookCount) VALUES ('An Introduction to Automata Theory and Formal Languages', 1, 26.0, '978-0-00-00128', 5);
INSERT INTO tblbooks (BookName, CatId, AuthorId, ISBNNumber, BookCount) VALUES ('Theory of Computation (with Formal Languages)', 1, 67.0, '978-0-00-00129', 5);
INSERT INTO tblbooks (BookName, CatId, AuthorId, ISBNNumber, BookCount) VALUES ('Quantitative Aptitude', 1, 58.0, '978-0-00-00130', 5);
INSERT INTO tblbooks (BookName, CatId, AuthorId, ISBNNumber, BookCount) VALUES ('A Course in Computer Networks', 1, 40.0, '978-0-00-00132', 5);
INSERT INTO tblbooks (BookName, CatId, AuthorId, ISBNNumber, BookCount) VALUES ('Computer Organisation & Architecture', 1, 61.0, '978-0-00-00133', 5);
INSERT INTO tblbooks (BookName, CatId, AuthorId, ISBNNumber, BookCount) VALUES ('Concepts of Programming Languages', 1, 65.0, '978-0-00-00134', 5);
INSERT INTO tblbooks (BookName, CatId, AuthorId, ISBNNumber, BookCount) VALUES ('Data Communications & Computer Networks', 1, 40.0, '978-0-00-00135', 5);
INSERT INTO tblbooks (BookName, CatId, AuthorId, ISBNNumber, BookCount) VALUES ('A Course in Computer Networks', 1, 40.0, '978-0-00-00136', 5);
INSERT INTO tblbooks (BookName, CatId, AuthorId, ISBNNumber, BookCount) VALUES ('Data Structures Using C', 1, 78.0, '978-0-00-00137', 5);
INSERT INTO tblbooks (BookName, CatId, AuthorId, ISBNNumber, BookCount) VALUES ('Data and Computer Communications', 1, 40.0, '978-0-00-00138', 5);
INSERT INTO tblbooks (BookName, CatId, AuthorId, ISBNNumber, BookCount) VALUES ('Computer Programming Methods C++ & Numerical', 1, 85.0, '978-0-00-00139', 5);
INSERT INTO tblbooks (BookName, CatId, AuthorId, ISBNNumber, BookCount) VALUES ('Computer Graphics', 1, 78.0, '978-0-00-00140', 5);
INSERT INTO tblbooks (BookName, CatId, AuthorId, ISBNNumber, BookCount) VALUES ('Introduction to Computer Programming in C', 1, 85.0, '978-0-00-00141', 5);
INSERT INTO tblbooks (BookName, CatId, AuthorId, ISBNNumber, BookCount) VALUES ('Introduction to Computing & Problem Solving with Python', 1, 43.0, '978-0-00-00142', 5);
INSERT INTO tblbooks (BookName, CatId, AuthorId, ISBNNumber, BookCount) VALUES ('Programming for Problem Solving (Programming in C)', 1, 34.0, '978-0-00-00143', 5);
INSERT INTO tblbooks (BookName, CatId, AuthorId, ISBNNumber, BookCount) VALUES ('Programming for Problem Solving (Programming in C)', 1, 34.0, '978-0-00-00144', 5);
INSERT INTO tblbooks (BookName, CatId, AuthorId, ISBNNumber, BookCount) VALUES ('Programming for Problem Solving (C)', 1, 56.0, '978-0-00-00145', 5);
INSERT INTO tblbooks (BookName, CatId, AuthorId, ISBNNumber, BookCount) VALUES ('Programming for Problem Solving (C)', 1, 56.0, '978-0-00-00146', 5);
INSERT INTO tblbooks (BookName, CatId, AuthorId, ISBNNumber, BookCount) VALUES ('Software Engineering', 1, 78.0, '978-0-00-00147', 5);
INSERT INTO tblbooks (BookName, CatId, AuthorId, ISBNNumber, BookCount) VALUES ('Computer Oriented Techniques (C/C++)', 1, 11.0, '978-0-00-00148', 5);
INSERT INTO tblbooks (BookName, CatId, AuthorId, ISBNNumber, BookCount) VALUES ('Fundamentals of Computer Design', 1, 79.0, '978-0-00-00149', 5);
INSERT INTO tblbooks (BookName, CatId, AuthorId, ISBNNumber, BookCount) VALUES ('Formal Language & Automata Theory', 1, 91.0, '978-0-00-00150', 5);
INSERT INTO tblbooks (BookName, CatId, AuthorId, ISBNNumber, BookCount) VALUES ('An Introduction to Automata Theory and Formal Languages', 1, 26.0, '978-0-00-00151', 5);
INSERT INTO tblbooks (BookName, CatId, AuthorId, ISBNNumber, BookCount) VALUES ('Fundamentals of Computer Design', 1, 79.0, '978-0-00-00152', 5);
INSERT INTO tblbooks (BookName, CatId, AuthorId, ISBNNumber, BookCount) VALUES ('Computer Organisation & Architecture', 1, 61.0, '978-0-00-00153', 5);
INSERT INTO tblbooks (BookName, CatId, AuthorId, ISBNNumber, BookCount) VALUES ('Computer Graphics: A Practical Approach', 1, 80.0, '978-0-00-00154', 5);
INSERT INTO tblbooks (BookName, CatId, AuthorId, ISBNNumber, BookCount) VALUES ('Introduction to Computing & Problem Solving with Python', 1, 43.0, '978-0-00-00155', 5);
INSERT INTO tblbooks (BookName, CatId, AuthorId, ISBNNumber, BookCount) VALUES ('Introduction to Computing & Programming in Python: A Multimedia Approach', 1, 87.0, '978-0-00-00156', 5);
INSERT INTO tblbooks (BookName, CatId, AuthorId, ISBNNumber, BookCount) VALUES ('Thus Spoke Chanakya', 1, 30.0, '978-0-00-00157', 5);
INSERT INTO tblbooks (BookName, CatId, AuthorId, ISBNNumber, BookCount) VALUES ('Software Engineering & Project Management', 1, 36.0, '978-0-00-00158', 5);
INSERT INTO tblbooks (BookName, CatId, AuthorId, ISBNNumber, BookCount) VALUES ('Microprocessor & its applications', 1, 27.0, '978-0-00-00159', 5);
INSERT INTO tblbooks (BookName, CatId, AuthorId, ISBNNumber, BookCount) VALUES ('Relational Database', 1, 66.0, '978-0-00-00160', 5);
INSERT INTO tblbooks (BookName, CatId, AuthorId, ISBNNumber, BookCount) VALUES ('Deep Learning :A Practical Approach', 1, 8.0, '978-0-00-00161', 5);
INSERT INTO tblbooks (BookName, CatId, AuthorId, ISBNNumber, BookCount) VALUES ('Advanced microprocessors and peripherals', 1, 24.0, '978-0-00-00162', 5);
INSERT INTO tblbooks (BookName, CatId, AuthorId, ISBNNumber, BookCount) VALUES ('Advanced microprocessors and peripherals', 1, 24.0, '978-0-00-00163', 5);
INSERT INTO tblbooks (BookName, CatId, AuthorId, ISBNNumber, BookCount) VALUES ('Advanced microprocessors and peripherals', 1, 24.0, '978-0-00-00164', 5);
INSERT INTO tblbooks (BookName, CatId, AuthorId, ISBNNumber, BookCount) VALUES ('Advanced microprocessors and peripherals', 1, 24.0, '978-0-00-00165', 5);
INSERT INTO tblbooks (BookName, CatId, AuthorId, ISBNNumber, BookCount) VALUES ('Advanced microprocessors and peripherals', 1, 24.0, '978-0-00-00166', 5);
INSERT INTO tblbooks (BookName, CatId, AuthorId, ISBNNumber, BookCount) VALUES ('Advanced microprocessors and peripherals', 1, 24.0, '978-0-00-00167', 5);
INSERT INTO tblbooks (BookName, CatId, AuthorId, ISBNNumber, BookCount) VALUES ('Advanced microprocessors and peripherals', 1, 24.0, '978-0-00-00168', 5);
INSERT INTO tblbooks (BookName, CatId, AuthorId, ISBNNumber, BookCount) VALUES ('Advanced microprocessors and peripherals', 1, 24.0, '978-0-00-00169', 5);
INSERT INTO tblbooks (BookName, CatId, AuthorId, ISBNNumber, BookCount) VALUES ('Advanced microprocessors and peripherals', 1, 24.0, '978-0-00-00170', 5);
INSERT INTO tblbooks (BookName, CatId, AuthorId, ISBNNumber, BookCount) VALUES ('Advanced microprocessors and peripherals', 1, 24.0, '978-0-00-00171', 5);
INSERT INTO tblbooks (BookName, CatId, AuthorId, ISBNNumber, BookCount) VALUES ('Microprocessor architecture, programming and applications with the 8085', 1, 71.0, '978-0-00-00172', 5);
INSERT INTO tblbooks (BookName, CatId, AuthorId, ISBNNumber, BookCount) VALUES ('Microprocessor architecture, programming and applications with the 8085', 1, 71.0, '978-0-00-00173', 5);
INSERT INTO tblbooks (BookName, CatId, AuthorId, ISBNNumber, BookCount) VALUES ('Microprocessor architecture, programming and applications with the 8085', 1, 71.0, '978-0-00-00174', 5);
INSERT INTO tblbooks (BookName, CatId, AuthorId, ISBNNumber, BookCount) VALUES ('Microprocessor architecture, programming and applications with the 8085', 1, 71.0, '978-0-00-00175', 5);
INSERT INTO tblbooks (BookName, CatId, AuthorId, ISBNNumber, BookCount) VALUES ('Microprocessor architecture, programming and applications with the 8085', 1, 71.0, '978-0-00-00176', 5);
INSERT INTO tblbooks (BookName, CatId, AuthorId, ISBNNumber, BookCount) VALUES ('Microprocessor architecture, programming and applications with the 8085', 1, 71.0, '978-0-00-00177', 5);
INSERT INTO tblbooks (BookName, CatId, AuthorId, ISBNNumber, BookCount) VALUES ('Microprocessor architecture, programming and applications with the 8085', 1, 71.0, '978-0-00-00178', 5);
INSERT INTO tblbooks (BookName, CatId, AuthorId, ISBNNumber, BookCount) VALUES ('Microprocessor architecture, programming and applications with the 8085', 1, 71.0, '978-0-00-00179', 5);
INSERT INTO tblbooks (BookName, CatId, AuthorId, ISBNNumber, BookCount) VALUES ('Microprocessor architecture, programming and applications with the 8085', 1, 71.0, '978-0-00-00180', 5);
INSERT INTO tblbooks (BookName, CatId, AuthorId, ISBNNumber, BookCount) VALUES ('Microprocessor architecture, programming and applications with the 8085', 1, 71.0, '978-0-00-00181', 5);
INSERT INTO tblbooks (BookName, CatId, AuthorId, ISBNNumber, BookCount) VALUES ('8051 Microcontroller and embedded systems using assembly and C', 1, 6.0, '978-0-00-00182', 5);
INSERT INTO tblbooks (BookName, CatId, AuthorId, ISBNNumber, BookCount) VALUES ('8051 Microcontroller and embedded systems using assembly and C', 1, 6.0, '978-0-00-00183', 5);
INSERT INTO tblbooks (BookName, CatId, AuthorId, ISBNNumber, BookCount) VALUES ('8051 Microcontroller and embedded systems using assembly and C', 1, 6.0, '978-0-00-00184', 5);
INSERT INTO tblbooks (BookName, CatId, AuthorId, ISBNNumber, BookCount) VALUES ('8051 Microcontroller and embedded systems using assembly and C', 1, 6.0, '978-0-00-00185', 5);
INSERT INTO tblbooks (BookName, CatId, AuthorId, ISBNNumber, BookCount) VALUES ('8051 Microcontroller and embedded systems using assembly and C', 1, 6.0, '978-0-00-00186', 5);
INSERT INTO tblbooks (BookName, CatId, AuthorId, ISBNNumber, BookCount) VALUES ('8051 Microcontroller and embedded systems using assembly and C', 1, 6.0, '978-0-00-00187', 5);
INSERT INTO tblbooks (BookName, CatId, AuthorId, ISBNNumber, BookCount) VALUES ('8051 Microcontroller and embedded systems using assembly and C', 1, 6.0, '978-0-00-00188', 5);
INSERT INTO tblbooks (BookName, CatId, AuthorId, ISBNNumber, BookCount) VALUES ('8051 Microcontroller and embedded systems using assembly and C', 1, 6.0, '978-0-00-00189', 5);
INSERT INTO tblbooks (BookName, CatId, AuthorId, ISBNNumber, BookCount) VALUES ('8051 Microcontroller and embedded systems using assembly and C', 1, 6.0, '978-0-00-00190', 5);
INSERT INTO tblbooks (BookName, CatId, AuthorId, ISBNNumber, BookCount) VALUES ('8051 Microcontroller and embedded systems using assembly and C', 1, 6.0, '978-0-00-00191', 5);
INSERT INTO tblbooks (BookName, CatId, AuthorId, ISBNNumber, BookCount) VALUES ('Computer organization', 1, 83.0, '978-0-00-00192', 5);
INSERT INTO tblbooks (BookName, CatId, AuthorId, ISBNNumber, BookCount) VALUES ('Computer organization', 1, 83.0, '978-0-00-00193', 5);
INSERT INTO tblbooks (BookName, CatId, AuthorId, ISBNNumber, BookCount) VALUES ('Computer organization', 1, 83.0, '978-0-00-00194', 5);
INSERT INTO tblbooks (BookName, CatId, AuthorId, ISBNNumber, BookCount) VALUES ('Computer organization', 1, 83.0, '978-0-00-00195', 5);
INSERT INTO tblbooks (BookName, CatId, AuthorId, ISBNNumber, BookCount) VALUES ('Computer organization', 1, 83.0, '978-0-00-00196', 5);
INSERT INTO tblbooks (BookName, CatId, AuthorId, ISBNNumber, BookCount) VALUES ('Computer organization', 1, 83.0, '978-0-00-00197', 5);
INSERT INTO tblbooks (BookName, CatId, AuthorId, ISBNNumber, BookCount) VALUES ('Computer organization', 1, 83.0, '978-0-00-00198', 5);
INSERT INTO tblbooks (BookName, CatId, AuthorId, ISBNNumber, BookCount) VALUES ('Computer organization', 1, 83.0, '978-0-00-00199', 5);
INSERT INTO tblbooks (BookName, CatId, AuthorId, ISBNNumber, BookCount) VALUES ('Computer organization', 1, 83.0, '978-0-00-00200', 5);
INSERT INTO tblbooks (BookName, CatId, AuthorId, ISBNNumber, BookCount) VALUES ('Computer organization', 1, 83.0, '978-0-00-00201', 5);
INSERT INTO tblbooks (BookName, CatId, AuthorId, ISBNNumber, BookCount) VALUES ('Distributed computing', 1, 64.0, '978-0-00-00202', 5);
INSERT INTO tblbooks (BookName, CatId, AuthorId, ISBNNumber, BookCount) VALUES ('Distributed computing', 1, 64.0, '978-0-00-00203', 5);
INSERT INTO tblbooks (BookName, CatId, AuthorId, ISBNNumber, BookCount) VALUES ('Distributed computing', 1, 64.0, '978-0-00-00204', 5);
INSERT INTO tblbooks (BookName, CatId, AuthorId, ISBNNumber, BookCount) VALUES ('Computer networks: A systems approach', 1, 46.0, '978-0-00-00205', 5);
INSERT INTO tblbooks (BookName, CatId, AuthorId, ISBNNumber, BookCount) VALUES ('Computer networks: A systems approach', 1, 46.0, '978-0-00-00206', 5);
INSERT INTO tblbooks (BookName, CatId, AuthorId, ISBNNumber, BookCount) VALUES ('Computer networks: A systems approach', 1, 46.0, '978-0-00-00207', 5);
INSERT INTO tblbooks (BookName, CatId, AuthorId, ISBNNumber, BookCount) VALUES ('Computer networks: A systems approach', 1, 46.0, '978-0-00-00208', 5);
INSERT INTO tblbooks (BookName, CatId, AuthorId, ISBNNumber, BookCount) VALUES ('Computer networks: A systems approach', 1, 46.0, '978-0-00-00209', 5);
INSERT INTO tblbooks (BookName, CatId, AuthorId, ISBNNumber, BookCount) VALUES ('Computer networks: A systems approach', 1, 46.0, '978-0-00-00210', 5);
INSERT INTO tblbooks (BookName, CatId, AuthorId, ISBNNumber, BookCount) VALUES ('Computer networks: A systems approach', 1, 46.0, '978-0-00-00211', 5);
INSERT INTO tblbooks (BookName, CatId, AuthorId, ISBNNumber, BookCount) VALUES ('Computer networks: A systems approach', 1, 46.0, '978-0-00-00212', 5);
INSERT INTO tblbooks (BookName, CatId, AuthorId, ISBNNumber, BookCount) VALUES ('Computer networks: A systems approach', 1, 46.0, '978-0-00-00213', 5);
INSERT INTO tblbooks (BookName, CatId, AuthorId, ISBNNumber, BookCount) VALUES ('Computer networks: A systems approach', 1, 46.0, '978-0-00-00214', 5);
INSERT INTO tblbooks (BookName, CatId, AuthorId, ISBNNumber, BookCount) VALUES ('Software engineering: A practitioners approach', 1, 7.0, '978-0-00-00215', 5);
INSERT INTO tblbooks (BookName, CatId, AuthorId, ISBNNumber, BookCount) VALUES ('Software engineering: A practitioners approach', 1, 7.0, '978-0-00-00216', 5);
INSERT INTO tblbooks (BookName, CatId, AuthorId, ISBNNumber, BookCount) VALUES ('Software engineering: A practitioners approach', 1, 7.0, '978-0-00-00217', 5);
INSERT INTO tblbooks (BookName, CatId, AuthorId, ISBNNumber, BookCount) VALUES ('Software engineering: A practitioners approach', 1, 7.0, '978-0-00-00218', 5);
INSERT INTO tblbooks (BookName, CatId, AuthorId, ISBNNumber, BookCount) VALUES ('Software engineering: A practitioners approach', 1, 7.0, '978-0-00-00219', 5);
INSERT INTO tblbooks (BookName, CatId, AuthorId, ISBNNumber, BookCount) VALUES ('Software engineering: A practitioners approach', 1, 7.0, '978-0-00-00220', 5);
INSERT INTO tblbooks (BookName, CatId, AuthorId, ISBNNumber, BookCount) VALUES ('Software engineering: A practitioners approach', 1, 7.0, '978-0-00-00221', 5);
INSERT INTO tblbooks (BookName, CatId, AuthorId, ISBNNumber, BookCount) VALUES ('Software engineering: A practitioners approach', 1, 7.0, '978-0-00-00222', 5);
INSERT INTO tblbooks (BookName, CatId, AuthorId, ISBNNumber, BookCount) VALUES ('Software engineering: A practitioners approach', 1, 7.0, '978-0-00-00223', 5);
INSERT INTO tblbooks (BookName, CatId, AuthorId, ISBNNumber, BookCount) VALUES ('Software engineering: A practitioners approach', 1, 7.0, '978-0-00-00224', 5);
INSERT INTO tblbooks (BookName, CatId, AuthorId, ISBNNumber, BookCount) VALUES ('Fundamentals of computer algorithms', 1, 77.0, '978-0-00-00225', 5);
INSERT INTO tblbooks (BookName, CatId, AuthorId, ISBNNumber, BookCount) VALUES ('Fundamentals of computer algorithms', 1, 77.0, '978-0-00-00226', 5);
INSERT INTO tblbooks (BookName, CatId, AuthorId, ISBNNumber, BookCount) VALUES ('Fundamentals of computer algorithms', 1, 77.0, '978-0-00-00227', 5);
INSERT INTO tblbooks (BookName, CatId, AuthorId, ISBNNumber, BookCount) VALUES ('Fundamentals of computer algorithms', 1, 77.0, '978-0-00-00228', 5);
INSERT INTO tblbooks (BookName, CatId, AuthorId, ISBNNumber, BookCount) VALUES ('Fundamentals of computer algorithms', 1, 77.0, '978-0-00-00229', 5);
INSERT INTO tblbooks (BookName, CatId, AuthorId, ISBNNumber, BookCount) VALUES ('Fundamentals of computer algorithms', 1, 77.0, '978-0-00-00230', 5);
INSERT INTO tblbooks (BookName, CatId, AuthorId, ISBNNumber, BookCount) VALUES ('Fundamentals of computer algorithms', 1, 77.0, '978-0-00-00231', 5);
INSERT INTO tblbooks (BookName, CatId, AuthorId, ISBNNumber, BookCount) VALUES ('Fundamentals of computer algorithms', 1, 77.0, '978-0-00-00232', 5);
INSERT INTO tblbooks (BookName, CatId, AuthorId, ISBNNumber, BookCount) VALUES ('Fundamentals of computer algorithms', 1, 77.0, '978-0-00-00233', 5);
INSERT INTO tblbooks (BookName, CatId, AuthorId, ISBNNumber, BookCount) VALUES ('Fundamentals of computer algorithms', 1, 77.0, '978-0-00-00234', 5);
INSERT INTO tblbooks (BookName, CatId, AuthorId, ISBNNumber, BookCount) VALUES ('Object oriented programming in C++', 1, 28.0, '978-0-00-00235', 5);
INSERT INTO tblbooks (BookName, CatId, AuthorId, ISBNNumber, BookCount) VALUES ('Object oriented programming in C++', 1, 28.0, '978-0-00-00236', 5);
INSERT INTO tblbooks (BookName, CatId, AuthorId, ISBNNumber, BookCount) VALUES ('Object oriented programming in C++', 1, 28.0, '978-0-00-00237', 5);
INSERT INTO tblbooks (BookName, CatId, AuthorId, ISBNNumber, BookCount) VALUES ('Object oriented programming in C++', 1, 28.0, '978-0-00-00238', 5);
INSERT INTO tblbooks (BookName, CatId, AuthorId, ISBNNumber, BookCount) VALUES ('Object oriented programming in C++', 1, 28.0, '978-0-00-00239', 5);
INSERT INTO tblbooks (BookName, CatId, AuthorId, ISBNNumber, BookCount) VALUES ('Object oriented programming in C++', 1, 28.0, '978-0-00-00240', 5);
INSERT INTO tblbooks (BookName, CatId, AuthorId, ISBNNumber, BookCount) VALUES ('Object oriented programming in C++', 1, 28.0, '978-0-00-00241', 5);
INSERT INTO tblbooks (BookName, CatId, AuthorId, ISBNNumber, BookCount) VALUES ('Object oriented programming in C++', 1, 28.0, '978-0-00-00242', 5);
INSERT INTO tblbooks (BookName, CatId, AuthorId, ISBNNumber, BookCount) VALUES ('Object oriented programming in C++', 1, 28.0, '978-0-00-00243', 5);
INSERT INTO tblbooks (BookName, CatId, AuthorId, ISBNNumber, BookCount) VALUES ('Object oriented programming in C++', 1, 28.0, '978-0-00-00244', 5);
INSERT INTO tblbooks (BookName, CatId, AuthorId, ISBNNumber, BookCount) VALUES ('Programming in ANSI C', 1, 25.0, '978-0-00-00245', 5);
INSERT INTO tblbooks (BookName, CatId, AuthorId, ISBNNumber, BookCount) VALUES ('Programming in ANSI C', 1, 25.0, '978-0-00-00246', 5);
INSERT INTO tblbooks (BookName, CatId, AuthorId, ISBNNumber, BookCount) VALUES ('Programming in ANSI C', 1, 25.0, '978-0-00-00247', 5);
INSERT INTO tblbooks (BookName, CatId, AuthorId, ISBNNumber, BookCount) VALUES ('Programming in ANSI C', 1, 25.0, '978-0-00-00248', 5);
INSERT INTO tblbooks (BookName, CatId, AuthorId, ISBNNumber, BookCount) VALUES ('Programming in ANSI C', 1, 25.0, '978-0-00-00249', 5);
INSERT INTO tblbooks (BookName, CatId, AuthorId, ISBNNumber, BookCount) VALUES ('Programming in ANSI C', 1, 25.0, '978-0-00-00250', 5);
INSERT INTO tblbooks (BookName, CatId, AuthorId, ISBNNumber, BookCount) VALUES ('Programming with C', 1, 74.0, '978-0-00-00251', 5);
INSERT INTO tblbooks (BookName, CatId, AuthorId, ISBNNumber, BookCount) VALUES ('Programming with C', 1, 74.0, '978-0-00-00252', 5);
INSERT INTO tblbooks (BookName, CatId, AuthorId, ISBNNumber, BookCount) VALUES ('Programming with C', 1, 74.0, '978-0-00-00253', 5);
INSERT INTO tblbooks (BookName, CatId, AuthorId, ISBNNumber, BookCount) VALUES ('Programming with C', 1, 74.0, '978-0-00-00254', 5);
INSERT INTO tblbooks (BookName, CatId, AuthorId, ISBNNumber, BookCount) VALUES ('Programming with C', 1, 74.0, '978-0-00-00255', 5);
INSERT INTO tblbooks (BookName, CatId, AuthorId, ISBNNumber, BookCount) VALUES ('Programming with C', 1, 74.0, '978-0-00-00256', 5);
INSERT INTO tblbooks (BookName, CatId, AuthorId, ISBNNumber, BookCount) VALUES ('Programming with C', 1, 74.0, '978-0-00-00257', 5);
INSERT INTO tblbooks (BookName, CatId, AuthorId, ISBNNumber, BookCount) VALUES ('Programming with C', 1, 74.0, '978-0-00-00258', 5);
INSERT INTO tblbooks (BookName, CatId, AuthorId, ISBNNumber, BookCount) VALUES ('Java: The complete reference', 1, 88.0, '978-0-00-00259', 5);
INSERT INTO tblbooks (BookName, CatId, AuthorId, ISBNNumber, BookCount) VALUES ('Java: The complete reference', 1, 88.0, '978-0-00-00260', 5);
INSERT INTO tblbooks (BookName, CatId, AuthorId, ISBNNumber, BookCount) VALUES ('Java: The complete reference', 1, 88.0, '978-0-00-00261', 5);
INSERT INTO tblbooks (BookName, CatId, AuthorId, ISBNNumber, BookCount) VALUES ('Java: The complete reference', 1, 88.0, '978-0-00-00262', 5);
INSERT INTO tblbooks (BookName, CatId, AuthorId, ISBNNumber, BookCount) VALUES ('Java: The complete reference', 1, 88.0, '978-0-00-00263', 5);
INSERT INTO tblbooks (BookName, CatId, AuthorId, ISBNNumber, BookCount) VALUES ('Java: The complete reference', 1, 88.0, '978-0-00-00264', 5);
INSERT INTO tblbooks (BookName, CatId, AuthorId, ISBNNumber, BookCount) VALUES ('Java: The complete reference', 1, 88.0, '978-0-00-00265', 5);
INSERT INTO tblbooks (BookName, CatId, AuthorId, ISBNNumber, BookCount) VALUES ('Java: The complete reference', 1, 88.0, '978-0-00-00266', 5);
INSERT INTO tblbooks (BookName, CatId, AuthorId, ISBNNumber, BookCount) VALUES ('System software: An introduction to systems programming', 1, 53.0, '978-0-00-00267', 5);
INSERT INTO tblbooks (BookName, CatId, AuthorId, ISBNNumber, BookCount) VALUES ('System software: An introduction to systems programming', 1, 53.0, '978-0-00-00268', 5);
INSERT INTO tblbooks (BookName, CatId, AuthorId, ISBNNumber, BookCount) VALUES ('System software: An introduction to systems programming', 1, 53.0, '978-0-00-00269', 5);
INSERT INTO tblbooks (BookName, CatId, AuthorId, ISBNNumber, BookCount) VALUES ('System software: An introduction to systems programming', 1, 53.0, '978-0-00-00270', 5);
INSERT INTO tblbooks (BookName, CatId, AuthorId, ISBNNumber, BookCount) VALUES ('System software: An introduction to systems programming', 1, 53.0, '978-0-00-00271', 5);
INSERT INTO tblbooks (BookName, CatId, AuthorId, ISBNNumber, BookCount) VALUES ('System software: An introduction to systems programming', 1, 53.0, '978-0-00-00272', 5);
INSERT INTO tblbooks (BookName, CatId, AuthorId, ISBNNumber, BookCount) VALUES ('System software: An introduction to systems programming', 1, 53.0, '978-0-00-00273', 5);
INSERT INTO tblbooks (BookName, CatId, AuthorId, ISBNNumber, BookCount) VALUES ('System software: An introduction to systems programming', 1, 53.0, '978-0-00-00274', 5);
INSERT INTO tblbooks (BookName, CatId, AuthorId, ISBNNumber, BookCount) VALUES ('System software: An introduction to systems programming', 1, 53.0, '978-0-00-00275', 5);
INSERT INTO tblbooks (BookName, CatId, AuthorId, ISBNNumber, BookCount) VALUES ('System software: An introduction to systems programming', 1, 53.0, '978-0-00-00276', 5);
INSERT INTO tblbooks (BookName, CatId, AuthorId, ISBNNumber, BookCount) VALUES ('Operating system concepts', 1, 37.0, '978-0-00-00277', 5);
INSERT INTO tblbooks (BookName, CatId, AuthorId, ISBNNumber, BookCount) VALUES ('Operating system concepts', 1, 37.0, '978-0-00-00278', 5);
INSERT INTO tblbooks (BookName, CatId, AuthorId, ISBNNumber, BookCount) VALUES ('Operating system concepts', 1, 37.0, '978-0-00-00279', 5);
INSERT INTO tblbooks (BookName, CatId, AuthorId, ISBNNumber, BookCount) VALUES ('Operating system concepts', 1, 37.0, '978-0-00-00280', 5);
INSERT INTO tblbooks (BookName, CatId, AuthorId, ISBNNumber, BookCount) VALUES ('Operating system concepts', 1, 37.0, '978-0-00-00281', 5);
INSERT INTO tblbooks (BookName, CatId, AuthorId, ISBNNumber, BookCount) VALUES ('Operating system concepts', 1, 37.0, '978-0-00-00282', 5);
INSERT INTO tblbooks (BookName, CatId, AuthorId, ISBNNumber, BookCount) VALUES ('Operating system concepts', 1, 37.0, '978-0-00-00283', 5);
INSERT INTO tblbooks (BookName, CatId, AuthorId, ISBNNumber, BookCount) VALUES ('Operating system concepts', 1, 37.0, '978-0-00-00284', 5);
INSERT INTO tblbooks (BookName, CatId, AuthorId, ISBNNumber, BookCount) VALUES ('Unix and shell programming: A textbook', 1, 39.0, '978-0-00-00285', 5);
INSERT INTO tblbooks (BookName, CatId, AuthorId, ISBNNumber, BookCount) VALUES ('Unix and shell programming: A textbook', 1, 39.0, '978-0-00-00286', 5);
INSERT INTO tblbooks (BookName, CatId, AuthorId, ISBNNumber, BookCount) VALUES ('Unix and shell programming: A textbook', 1, 39.0, '978-0-00-00287', 5);
INSERT INTO tblbooks (BookName, CatId, AuthorId, ISBNNumber, BookCount) VALUES ('Unix and shell programming: A textbook', 1, 39.0, '978-0-00-00288', 5);
INSERT INTO tblbooks (BookName, CatId, AuthorId, ISBNNumber, BookCount) VALUES ('Unix and shell programming: A textbook', 1, 39.0, '978-0-00-00289', 5);
INSERT INTO tblbooks (BookName, CatId, AuthorId, ISBNNumber, BookCount) VALUES ('Fundamentals of data structures in C', 1, 69.0, '978-0-00-00290', 5);
INSERT INTO tblbooks (BookName, CatId, AuthorId, ISBNNumber, BookCount) VALUES ('Fundamentals of data structures in C', 1, 69.0, '978-0-00-00291', 5);
INSERT INTO tblbooks (BookName, CatId, AuthorId, ISBNNumber, BookCount) VALUES ('Fundamentals of data structures in C', 1, 69.0, '978-0-00-00292', 5);
INSERT INTO tblbooks (BookName, CatId, AuthorId, ISBNNumber, BookCount) VALUES ('Fundamentals of data structures in C', 1, 69.0, '978-0-00-00293', 5);
INSERT INTO tblbooks (BookName, CatId, AuthorId, ISBNNumber, BookCount) VALUES ('Fundamentals of data structures in C', 1, 69.0, '978-0-00-00294', 5);
INSERT INTO tblbooks (BookName, CatId, AuthorId, ISBNNumber, BookCount) VALUES ('Fundamentals of data structures in C', 1, 69.0, '978-0-00-00295', 5);
INSERT INTO tblbooks (BookName, CatId, AuthorId, ISBNNumber, BookCount) VALUES ('Fundamentals of data structures in C', 1, 69.0, '978-0-00-00296', 5);
INSERT INTO tblbooks (BookName, CatId, AuthorId, ISBNNumber, BookCount) VALUES ('Fundamentals of data structures in C', 1, 69.0, '978-0-00-00297', 5);
INSERT INTO tblbooks (BookName, CatId, AuthorId, ISBNNumber, BookCount) VALUES ('Database system concepts', 1, 37.0, '978-0-00-00298', 5);
INSERT INTO tblbooks (BookName, CatId, AuthorId, ISBNNumber, BookCount) VALUES ('Database system concepts', 1, 37.0, '978-0-00-00299', 5);
INSERT INTO tblbooks (BookName, CatId, AuthorId, ISBNNumber, BookCount) VALUES ('Database system concepts', 1, 37.0, '978-0-00-00300', 5);
INSERT INTO tblbooks (BookName, CatId, AuthorId, ISBNNumber, BookCount) VALUES ('Database system concepts', 1, 37.0, '978-0-00-00301', 5);
INSERT INTO tblbooks (BookName, CatId, AuthorId, ISBNNumber, BookCount) VALUES ('Database system concepts', 1, 37.0, '978-0-00-00302', 5);
INSERT INTO tblbooks (BookName, CatId, AuthorId, ISBNNumber, BookCount) VALUES ('Database system concepts', 1, 37.0, '978-0-00-00303', 5);
INSERT INTO tblbooks (BookName, CatId, AuthorId, ISBNNumber, BookCount) VALUES ('Database system concepts', 1, 37.0, '978-0-00-00304', 5);
INSERT INTO tblbooks (BookName, CatId, AuthorId, ISBNNumber, BookCount) VALUES ('Database system concepts', 1, 37.0, '978-0-00-00305', 5);
INSERT INTO tblbooks (BookName, CatId, AuthorId, ISBNNumber, BookCount) VALUES ('Database system concepts', 1, 37.0, '978-0-00-00306', 5);
INSERT INTO tblbooks (BookName, CatId, AuthorId, ISBNNumber, BookCount) VALUES ('Database system concepts', 1, 37.0, '978-0-00-00307', 5);
INSERT INTO tblbooks (BookName, CatId, AuthorId, ISBNNumber, BookCount) VALUES ('Indian economy', 1, 47.0, '978-0-00-00308', 5);
INSERT INTO tblbooks (BookName, CatId, AuthorId, ISBNNumber, BookCount) VALUES ('Indian economy', 1, 47.0, '978-0-00-00309', 5);
INSERT INTO tblbooks (BookName, CatId, AuthorId, ISBNNumber, BookCount) VALUES ('Indian economy', 1, 47.0, '978-0-00-00310', 5);
INSERT INTO tblbooks (BookName, CatId, AuthorId, ISBNNumber, BookCount) VALUES ('Indian economy', 1, 47.0, '978-0-00-00311', 5);
INSERT INTO tblbooks (BookName, CatId, AuthorId, ISBNNumber, BookCount) VALUES ('Indian economy', 1, 47.0, '978-0-00-00312', 5);
INSERT INTO tblbooks (BookName, CatId, AuthorId, ISBNNumber, BookCount) VALUES ('Discrete mathematics with graph theory and combinatorics', 1, 38.0, '978-0-00-00313', 5);
INSERT INTO tblbooks (BookName, CatId, AuthorId, ISBNNumber, BookCount) VALUES ('Discrete mathematics with graph theory and combinatorics', 1, 38.0, '978-0-00-00314', 5);
INSERT INTO tblbooks (BookName, CatId, AuthorId, ISBNNumber, BookCount) VALUES ('Discrete mathematics with graph theory and combinatorics', 1, 38.0, '978-0-00-00315', 5);
INSERT INTO tblbooks (BookName, CatId, AuthorId, ISBNNumber, BookCount) VALUES ('Discrete mathematics with graph theory and combinatorics', 1, 38.0, '978-0-00-00316', 5);
INSERT INTO tblbooks (BookName, CatId, AuthorId, ISBNNumber, BookCount) VALUES ('Discrete mathematics with graph theory and combinatorics', 1, 38.0, '978-0-00-00317', 5);
INSERT INTO tblbooks (BookName, CatId, AuthorId, ISBNNumber, BookCount) VALUES ('Discrete mathematics with graph theory and combinatorics', 1, 38.0, '978-0-00-00318', 5);
INSERT INTO tblbooks (BookName, CatId, AuthorId, ISBNNumber, BookCount) VALUES ('Discrete mathematics with graph theory and combinatorics', 1, 38.0, '978-0-00-00319', 5);
INSERT INTO tblbooks (BookName, CatId, AuthorId, ISBNNumber, BookCount) VALUES ('Discrete mathematics with graph theory and combinatorics', 1, 38.0, '978-0-00-00320', 5);
INSERT INTO tblbooks (BookName, CatId, AuthorId, ISBNNumber, BookCount) VALUES ('Introduction to automata theory, languages and computation', 1, 86.0, '978-0-00-00321', 5);
INSERT INTO tblbooks (BookName, CatId, AuthorId, ISBNNumber, BookCount) VALUES ('Introduction to automata theory, languages and computation', 1, 86.0, '978-0-00-00322', 5);
INSERT INTO tblbooks (BookName, CatId, AuthorId, ISBNNumber, BookCount) VALUES ('Introduction to automata theory, languages and computation', 1, 86.0, '978-0-00-00323', 5);
INSERT INTO tblbooks (BookName, CatId, AuthorId, ISBNNumber, BookCount) VALUES ('Introduction to automata theory, languages and computation', 1, 86.0, '978-0-00-00324', 5);
INSERT INTO tblbooks (BookName, CatId, AuthorId, ISBNNumber, BookCount) VALUES ('Introduction to automata theory, languages and computation', 1, 86.0, '978-0-00-00325', 5);
INSERT INTO tblbooks (BookName, CatId, AuthorId, ISBNNumber, BookCount) VALUES ('Introduction to automata theory, languages and computation', 1, 86.0, '978-0-00-00326', 5);
INSERT INTO tblbooks (BookName, CatId, AuthorId, ISBNNumber, BookCount) VALUES ('Introduction to automata theory, languages and computation', 1, 86.0, '978-0-00-00327', 5);
INSERT INTO tblbooks (BookName, CatId, AuthorId, ISBNNumber, BookCount) VALUES ('Introduction to automata theory, languages and computation', 1, 86.0, '978-0-00-00328', 5);
INSERT INTO tblbooks (BookName, CatId, AuthorId, ISBNNumber, BookCount) VALUES ('Fuzzy logic with engineering applications', 1, 23.0, '978-0-00-00329', 5);
INSERT INTO tblbooks (BookName, CatId, AuthorId, ISBNNumber, BookCount) VALUES ('Fuzzy logic with engineering applications', 1, 23.0, '978-0-00-00330', 5);
INSERT INTO tblbooks (BookName, CatId, AuthorId, ISBNNumber, BookCount) VALUES ('Fuzzy logic with engineering applications', 1, 23.0, '978-0-00-00331', 5);
INSERT INTO tblbooks (BookName, CatId, AuthorId, ISBNNumber, BookCount) VALUES ('Fuzzy logic with engineering applications', 1, 23.0, '978-0-00-00332', 5);
INSERT INTO tblbooks (BookName, CatId, AuthorId, ISBNNumber, BookCount) VALUES ('Fuzzy logic with engineering applications', 1, 23.0, '978-0-00-00333', 5);
INSERT INTO tblbooks (BookName, CatId, AuthorId, ISBNNumber, BookCount) VALUES ('Mechatronics: A multidisciplinary approach', 1, 14.0, '978-0-00-00334', 5);
INSERT INTO tblbooks (BookName, CatId, AuthorId, ISBNNumber, BookCount) VALUES ('Mechatronics: A multidisciplinary approach', 1, 14.0, '978-0-00-00335', 5);
INSERT INTO tblbooks (BookName, CatId, AuthorId, ISBNNumber, BookCount) VALUES ('Mechatronics: A multidisciplinary approach', 1, 14.0, '978-0-00-00336', 5);
INSERT INTO tblbooks (BookName, CatId, AuthorId, ISBNNumber, BookCount) VALUES ('Basic electronics: Devices, circuits and IT fundamentals', 1, 89.0, '978-0-00-00337', 5);
INSERT INTO tblbooks (BookName, CatId, AuthorId, ISBNNumber, BookCount) VALUES ('Basic electronics: Devices, circuits and IT fundamentals', 1, 89.0, '978-0-00-00338', 5);
INSERT INTO tblbooks (BookName, CatId, AuthorId, ISBNNumber, BookCount) VALUES ('Basic electronics: Devices, circuits and IT fundamentals', 1, 89.0, '978-0-00-00339', 5);
INSERT INTO tblbooks (BookName, CatId, AuthorId, ISBNNumber, BookCount) VALUES ('Basic electronics: Devices, circuits and IT fundamentals', 1, 89.0, '978-0-00-00340', 5);
INSERT INTO tblbooks (BookName, CatId, AuthorId, ISBNNumber, BookCount) VALUES ('Basic electronics: Devices, circuits and IT fundamentals', 1, 89.0, '978-0-00-00341', 5);
INSERT INTO tblbooks (BookName, CatId, AuthorId, ISBNNumber, BookCount) VALUES ('Electronics devices and circuits', 1, 75.0, '978-0-00-00342', 5);
INSERT INTO tblbooks (BookName, CatId, AuthorId, ISBNNumber, BookCount) VALUES ('Electronics devices and circuits', 1, 75.0, '978-0-00-00343', 5);
INSERT INTO tblbooks (BookName, CatId, AuthorId, ISBNNumber, BookCount) VALUES ('Electronics devices and circuits', 1, 75.0, '978-0-00-00344', 5);
INSERT INTO tblbooks (BookName, CatId, AuthorId, ISBNNumber, BookCount) VALUES ('Solid state electronic devices', 1, 21.0, '978-0-00-00345', 5);
INSERT INTO tblbooks (BookName, CatId, AuthorId, ISBNNumber, BookCount) VALUES ('Solid state electronic devices', 1, 21.0, '978-0-00-00346', 5);
INSERT INTO tblbooks (BookName, CatId, AuthorId, ISBNNumber, BookCount) VALUES ('Solid state electronic devices', 1, 21.0, '978-0-00-00347', 5);
INSERT INTO tblbooks (BookName, CatId, AuthorId, ISBNNumber, BookCount) VALUES ('Linear integrated circuits', 1, 63.0, '978-0-00-00348', 5);
INSERT INTO tblbooks (BookName, CatId, AuthorId, ISBNNumber, BookCount) VALUES ('Linear integrated circuits', 1, 63.0, '978-0-00-00349', 5);
INSERT INTO tblbooks (BookName, CatId, AuthorId, ISBNNumber, BookCount) VALUES ('Linear integrated circuits', 1, 63.0, '978-0-00-00350', 5);
INSERT INTO tblbooks (BookName, CatId, AuthorId, ISBNNumber, BookCount) VALUES ('Fundamentals of digital circuits', 1, 16.0, '978-0-00-00351', 5);
INSERT INTO tblbooks (BookName, CatId, AuthorId, ISBNNumber, BookCount) VALUES ('Fundamentals of digital circuits', 1, 16.0, '978-0-00-00352', 5);
INSERT INTO tblbooks (BookName, CatId, AuthorId, ISBNNumber, BookCount) VALUES ('Fundamentals of digital circuits', 1, 16.0, '978-0-00-00353', 5);
INSERT INTO tblbooks (BookName, CatId, AuthorId, ISBNNumber, BookCount) VALUES ('Fundamentals of digital circuits', 1, 16.0, '978-0-00-00354', 5);
INSERT INTO tblbooks (BookName, CatId, AuthorId, ISBNNumber, BookCount) VALUES ('Fundamentals of digital circuits', 1, 16.0, '978-0-00-00355', 5);
INSERT INTO tblbooks (BookName, CatId, AuthorId, ISBNNumber, BookCount) VALUES ('Electronic communication systems', 1, 15.0, '978-0-00-00356', 5);
INSERT INTO tblbooks (BookName, CatId, AuthorId, ISBNNumber, BookCount) VALUES ('Electronic communication systems', 1, 15.0, '978-0-00-00357', 5);
INSERT INTO tblbooks (BookName, CatId, AuthorId, ISBNNumber, BookCount) VALUES ('Electronic communication systems', 1, 15.0, '978-0-00-00358', 5);
INSERT INTO tblbooks (BookName, CatId, AuthorId, ISBNNumber, BookCount) VALUES ('Electronic communication systems', 1, 15.0, '978-0-00-00359', 5);
INSERT INTO tblbooks (BookName, CatId, AuthorId, ISBNNumber, BookCount) VALUES ('Electronic communication systems', 1, 15.0, '978-0-00-00360', 5);
INSERT INTO tblbooks (BookName, CatId, AuthorId, ISBNNumber, BookCount) VALUES ('Digital communications', 1, 82.0, '978-0-00-00361', 5);
INSERT INTO tblbooks (BookName, CatId, AuthorId, ISBNNumber, BookCount) VALUES ('Digital communications', 1, 82.0, '978-0-00-00362', 5);
INSERT INTO tblbooks (BookName, CatId, AuthorId, ISBNNumber, BookCount) VALUES ('Digital communications', 1, 82.0, '978-0-00-00363', 5);
INSERT INTO tblbooks (BookName, CatId, AuthorId, ISBNNumber, BookCount) VALUES ('Digital communications', 1, 82.0, '978-0-00-00364', 5);
INSERT INTO tblbooks (BookName, CatId, AuthorId, ISBNNumber, BookCount) VALUES ('Digital communications', 1, 82.0, '978-0-00-00365', 5);
INSERT INTO tblbooks (BookName, CatId, AuthorId, ISBNNumber, BookCount) VALUES ('Electronic communications systems: fundamentals through advanced', 1, 84.0, '978-0-00-00366', 5);
INSERT INTO tblbooks (BookName, CatId, AuthorId, ISBNNumber, BookCount) VALUES ('Electronic communications systems: fundamentals through advanced', 1, 84.0, '978-0-00-00367', 5);
INSERT INTO tblbooks (BookName, CatId, AuthorId, ISBNNumber, BookCount) VALUES ('Electronic communications systems: fundamentals through advanced', 1, 84.0, '978-0-00-00368', 5);
INSERT INTO tblbooks (BookName, CatId, AuthorId, ISBNNumber, BookCount) VALUES ('Electronic communications systems: fundamentals through advanced', 1, 84.0, '978-0-00-00369', 5);
INSERT INTO tblbooks (BookName, CatId, AuthorId, ISBNNumber, BookCount) VALUES ('Electronic communications systems: fundamentals through advanced', 1, 84.0, '978-0-00-00370', 5);
INSERT INTO tblbooks (BookName, CatId, AuthorId, ISBNNumber, BookCount) VALUES ('Digital signal processing: Principles, algorithms, and applications', 1, 35.0, '978-0-00-00371', 5);
INSERT INTO tblbooks (BookName, CatId, AuthorId, ISBNNumber, BookCount) VALUES ('Digital signal processing: Principles, algorithms, and applications', 1, 35.0, '978-0-00-00372', 5);
INSERT INTO tblbooks (BookName, CatId, AuthorId, ISBNNumber, BookCount) VALUES ('Digital signal processing: Principles, algorithms, and applications', 1, 35.0, '978-0-00-00373', 5);
INSERT INTO tblbooks (BookName, CatId, AuthorId, ISBNNumber, BookCount) VALUES ('Digital signal processing: Principles, algorithms, and applications', 1, 35.0, '978-0-00-00374', 5);
INSERT INTO tblbooks (BookName, CatId, AuthorId, ISBNNumber, BookCount) VALUES ('Digital signal processing: Principles, algorithms, and applications', 1, 35.0, '978-0-00-00375', 5);
INSERT INTO tblbooks (BookName, CatId, AuthorId, ISBNNumber, BookCount) VALUES ('Signals and systems', 1, 18.0, '978-0-00-00376', 5);
INSERT INTO tblbooks (BookName, CatId, AuthorId, ISBNNumber, BookCount) VALUES ('Signals and systems', 1, 18.0, '978-0-00-00377', 5);
INSERT INTO tblbooks (BookName, CatId, AuthorId, ISBNNumber, BookCount) VALUES ('Signals and systems', 1, 18.0, '978-0-00-00378', 5);
INSERT INTO tblbooks (BookName, CatId, AuthorId, ISBNNumber, BookCount) VALUES ('Fundamentals of digital logic with verilog design', 1, 50.0, '978-0-00-00379', 5);
INSERT INTO tblbooks (BookName, CatId, AuthorId, ISBNNumber, BookCount) VALUES ('Fundamentals of digital logic with verilog design', 1, 50.0, '978-0-00-00380', 5);
INSERT INTO tblbooks (BookName, CatId, AuthorId, ISBNNumber, BookCount) VALUES ('Fundamentals of digital logic with verilog design', 1, 50.0, '978-0-00-00381', 5);
INSERT INTO tblbooks (BookName, CatId, AuthorId, ISBNNumber, BookCount) VALUES ('Fundamentals of digital logic with verilog design', 1, 50.0, '978-0-00-00382', 5);
INSERT INTO tblbooks (BookName, CatId, AuthorId, ISBNNumber, BookCount) VALUES ('Fundamentals of digital logic with verilog design', 1, 50.0, '978-0-00-00383', 5);
INSERT INTO tblbooks (BookName, CatId, AuthorId, ISBNNumber, BookCount) VALUES ('Fundamentals of digital logic with verilog design', 1, 50.0, '978-0-00-00384', 5);
INSERT INTO tblbooks (BookName, CatId, AuthorId, ISBNNumber, BookCount) VALUES ('Fundamentals of digital logic with verilog design', 1, 50.0, '978-0-00-00385', 5);
INSERT INTO tblbooks (BookName, CatId, AuthorId, ISBNNumber, BookCount) VALUES ('Fundamentals of digital logic with verilog design', 1, 50.0, '978-0-00-00386', 5);
